{"cameraMode":{"drawMode":0,"name":"Shaded","section":"Shading Mode"},"sceneLighting":true,"audioPlay":false,"sceneViewState":{"showFog":true,"showMaterialUpdate":false,"showSkybox":true,"showFlares":true,"showImageEffects":true,"showParticleSystems":true},"in2DMode":false,"pivot":{"x":51.98776626586914,"y":35.105201721191409,"z":76.21053314208985},"rotation":{"x":-0.208257794380188,"y":0.6596169471740723,"z":-0.19777937233448029,"w":-0.6945631504058838},"size":3.2168185710906984,"orthographic":false}